<?xml version="1.0" encoding="UTF-8"?>
<!DOCTYPE suite SYSTEM "https://testng.org/testng-1.0.dtd">

<suite parallel="tests" name="Suite" verbose="5">
  <parameter name="url" value="http://leaftaps.com/opentaps/"></parameter>
  <parameter name="username" value="DemoSalesmanager"></parameter>
  <parameter name="password" value="crmsfa"></parameter>
  <test  parallel="classes" name="Test1">
    <classes>
     <class name="testcases.CreateLead"/>
     <class name="testcases.EditLead"/>
     </classes>
  </test> <!-- Test -->
  
</suite> <!-- Suite -->
